effective_from,base,target,rate,notes
2025-01-01,EUR,UGX,3808.69,"exchange-rates.org, rate on 1 Jan 2025"
2025-02-01,EUR,UGX,3800.96,"exchange-rates.org, rate on 3 Feb 2025 (first trading day)"
2025-03-01,EUR,UGX,3852.55,"exchange-rates.org, rate on 3 Mar 2025 (first trading day)"
2025-04-01,EUR,UGX,3950.95,"exchange-rates.org, rate on 1 Apr 2025"
2025-05-01,EUR,UGX,4143.79,"exchange-rates.org, rate on 1 May 2025"
2025-06-01,EUR,UGX,4165.08,"exchange-rates.org, rate on 2 Jun 2025 (first trading day)"
2025-07-01,EUR,UGX,4244.16,"exchange-rates.org, rate on 1 Jul 2025"
2025-08-01,EUR,UGX,4154.70,"exchange-rates.org, rate on 1 Aug 2025"
2025-09-01,EUR,UGX,4151.35,"exchange-rates.org, rate on 1 Sep 2025"
2025-10-01,EUR,UGX,4074.74,"exchange-rates.org, rate on 1 Oct 2025"
2025-11-01,EUR,UGX,4008.04,"exchange-rates.org, rate on 3 Nov 2025 (first trading day)"
2025-12-01,EUR,UGX,4177.56,"exchange-rates.org, rate on 1 Dec 2025"
2026-01-01,EUR,UGX,4256.10,"exchange-rates.org, rate on 1 Jan 2026"
2026-02-01,EUR,UGX,4217.86,"exchange-rates.org, rate on 2 Feb 2026 (first trading day)"
2026-03-01,EUR,UGX,4250.49,"exchange-rates.org, rate on 2 Mar 2026 (first trading day)"
2026-04-01,EUR,UGX,4317.61,"exchange-rates.org, rate on 1 Apr 2026"
2026-05-01,EUR,UGX,4369.66,"exchange-rates.org, rate on 1 May 2026"
2026-06-01,EUR,UGX,4386.18,"exchange-rates.org, rate on 1 Jun 2026"
2026-07-01,EUR,UGX,4171.36,"exchange-rates.org, rate on 1 Jul 2026"
2026-08-01,EUR,UGX,4305.58,"exchange-rates.org, rate on 3 Aug 2026 (first trading day)"
2026-09-01,EUR,UGX,4376.26,"exchange-rates.org, rate on 1 Sep 2026"
